name,lat,lng
Sanjo Sadan Convent School,12.890273800000001,77.4862942
FCC Convent,12.8902975,77.48670469999998
Sanjoesadan Highschool,12.890327699999999,77.48670489999998
FCC Convent,12.8902975,77.48670469999998
Sanjoesadan Highschool,12.890327699999999,77.48670489999998
CHINMAYA VIDYALAYA BANASHANKARI,12.8905019,77.49744160000002
Barath Sarath,12.8899922,77.5178126
Barath Sarath,12.8899922,77.5178126
Nursery Rock,12.8893226,77.5292905
Ballet Series,12.8892536,77.52898569999998
Chocolate-Omlette,12.889254199999998,77.52893909999997
Slab Series,12.889262400000002,77.5286441
Autumn Leaves pre school,12.8903451,77.53596540000002
Somu makeup class,12.889472,77.5400301
Nurture Montessori,12.8897238,77.55054489999998
Nurture Montessori,12.8897238,77.55054489999998
Ankuram Day Care,12.889550300000002,77.5528678
Venkatesh Sharma,12.8896693,77.5540511
Vallabh Education Trust,12.8895526,77.55481540000002
Kidzee Swimming Centre,12.8892933,77.5555512
"Cumath learning center, Math Expert",12.890878599999999,77.55488340000002
Venkatesh Sharma,12.8896693,77.5540511
Promath,12.8899256,77.55681829999997
Shree Sarasswathi Vidhyaah Mandheer Public School,12.8899052,77.55619159999998
Maths Tuition Classes - Cuemath,12.8903,77.55736
Brahma Kumaris,12.8903888,77.5588028
"First Steps Preschool, Vallabha Nagar",12.8907981,77.55841769999998
Shri Shailya English Vidya Samiti School,12.8903078,77.55943429999998
Shri Shailya English Vidya Samiti School,12.8903078,77.55943429999998
Royal English High School,12.8911749,77.56095680000001
Yoga classes,12.8890506,77.5615105
Carmel Jyothi English High School,12.8897314,77.5727892
"National Public English High School, Beereshwaranagar",12.889661199999999,77.57481120000001
Chunchagatta govt higher primary school,12.890098,77.57652399999998
"National Public English High School, Beereshwaranagar",12.889661199999999,77.57481120000001
Chunchghatta government school,12.8897222,77.5768095
Chunchagatta govt higher primary school,12.890098,77.57652399999998
Kalavenue,12.890064,77.5789592
Art Of Living JP Nagar,12.888982,77.57913599999998
Maths Tuition Classes - Cuemath,12.889939,77.579071
Pajapita Brahmakumari Ishwariya Vishwavidyalayar,12.889643199999998,77.57900759999998
Shemrock Firststep,12.8895219,77.57985219999998
Kids Concepts - JP Nagar 7th Phase,12.889557,77.579859
Appy Kids,12.8903145,77.58087540000002
The Learning Curve Preschool and Daycare JP Nagar,12.889917,77.58067299999998
Shree Yoga Niketana,12.8900559,77.5814923
Amber Family Salon & Spa,12.889444099999999,77.58172429999998
Aura Montessori House Of Children,12.889724,77.5823461
Smart Teacher Institutes,12.8895905,77.58199859999998
Amber Family Salon & Spa,12.8894441,77.58172429999998
Spectrum Kids,12.8892884,77.58677209999998
Maths Tuition Classes - Cuemath,12.889903,77.58847999999998
Noble English School,12.889880400000001,77.5904341
NEW NOBLE ENGLISH SCHOOL,12.8898945,77.5904616
Maths Tuition Classes - Cuemath,12.889903,77.58847999999998
Maths Tuition Classes - Cuemath,12.890114,77.591674
Coconut Kindergarten,12.8902546,77.59077070000002
NEW NOBLE ENGLISH SCHOOL,12.8898945,77.5904616
Noble English School,12.889880400000001,77.5904341
Planet Kids Preschool,12.8904321,77.5924642
Shishu Kutira Day Care,12.8904605,77.59263899999998
Koala Preschool,12.890453,77.5925163
Early Innings Arekere,12.8905367,77.5924905
Little Millennium,12.8906681,77.5940762
Little Elly-The Concept Preschool,12.890880699999999,77.59430789999998
Bhod Primary School,12.8903842,77.59501309999997
Little Elly Arekere,12.8903026,77.5941228
NATYA SWARA ACADEMY,12.8898026,77.595426
Laksh Montessori,12.8897455,77.595415
Nurturance Smart School - Admin Block,12.890355,77.5961109
Ucmas Abacus Arekere centre BANNARUGHATT ROAD .,12.88941,77.596476
Tree House Play Group,12.890362,77.59723199999998
Alter Origin,12.8900085,77.59617229999998
Shivkrupa Driving School,12.8892653,77.5967343
NATYA SWARA ACADEMY,12.8898026,77.595426
Laksh Montessori,12.8897455,77.595415
LB Academy,12.8899589,77.5975969
Muscle Tribes Gym,12.8895935,77.5974093
Tree House Play Group,12.890362,77.59723199999998
"Elan Academy, German, Spanish, French, IELTS, Spoken English, Bannerghatta",12.8900876,77.5980695
Swan Junior Schools,12.889419199999999,77.59779189999998
Brighter minds arekere,12.889563699999998,77.5987047
Maths Tuition Classes - Cuemath,12.889305199999999,77.598012
VSR Technologies,12.889896,77.599825
Stepping Stones Edu-Start Center,12.8892469,77.59956190000003
Bright Kid Montessori House,12.8899426,77.6008595
home Tuitions,12.8898213,77.60085780000001
Bright Kid Montessori House,12.8899426,77.6008595
The Kent Smart Preschool,12.8902803,77.601435
Institute of Tailoring,12.8899108,77.60116699999998
Little Gurukul,12.8905491,77.6014715
Little Buddy Kindergarten 1057,12.8897668,77.6021626
home Tuitions,12.8898213,77.60085780000001
Ravindra Bharathi Global School,12.8892525,77.60288390000002
Adigas Preschool,12.8898714,77.60317289999998
TeddyKidz,12.8899102,77.60439659999999
Oranges Preschool,12.889915199999999,77.60439869999998
Footprints,12.8906812,77.6069322
"8th B Main, Classic Paradise",12.8893144,77.60834890000002
Orchid English School,12.8904612,77.60945229999999
Brahma Kumaris Bengaluru Devarachikanahalli,12.889334,77.612442
JK SCHOOL OF BUSINESS MANAGEMENT,12.890086,77.6135918
Shruthi,12.889859699999999,77.614727
Shruthi,12.8898597,77.614727
KANAKASHREE CONSULTANTS,12.8907617,77.61590369999998
Government Primary High School,12.8890264,77.6154047
Maths Tuition Classes - Cuemath,12.88906,77.61568
St Philomena School Devarachikkanahalli Bangalore,12.889159800000002,77.61837469999998
Sk furniture,12.8900164,77.62060859999998
New good shepherd academy,12.8900233,77.6204588
Tutorial,12.890021,77.6203448
"Sri Sai Tutorials,Hongasandra",12.890194500000002,77.6227427
Mount Angels Preschool,12.889294,77.6240728
Nadackal Palace.,12.8892246,77.62407019999998
Rcpuc Clg,12.890801199999999,77.62341359999998
Wings learning center,12.889669,77.62574240000002
Holy Family Sunday School,12.8899644,77.6251245
Baldwin Public High School,12.8908707,77.62565409999998
Straberry Kids School,12.888984599999999,77.62581039999998
Hello Kids Begur,12.889015,77.62777109999998
Preschools,12.890232300000001,77.6291246
I Lead Global Preschool,12.889507,77.628962
Cuemath Preethi,12.890738699999998,77.6303041
Gurukul Public School (ICSE & CBSE),12.8898755,77.6312318
Mind World Academy Garapalaya,12.89067,77.6342188
SRVS School Gate,12.8908462,77.63607590000002
RSS,12.890836300000002,77.6382191
I Play I Learn,12.88977,77.640253
Nurturance Smart School,12.889268,77.63991
New Bharath International School,12.8898372,77.6404797
Gnana Bharathi High School,12.889880300000002,77.6399637
Maths Tuition Classes - Cuemath,12.889441,77.64022109999998
New Bharath International School,12.889837199999999,77.6404797
I Play I Learn,12.88977,77.640253
Festoon Montessori School,12.8898273,77.64642509999999
Aviro tech solution,12.8900681,77.64711209999999
Tata Sky,12.8908635,77.6477797
Aviro tech solution,12.8900681,77.64711209999999
Iva's Treasure Ville,12.8894508,77.65062409999999
Gas Agency,12.8891395,77.64932639999998
Pragathi Vidya Mandira,12.8905004,77.65143690000002
Inner Genius,12.8901536,77.65213410000001
Maths Tuition Classes - Cuemath,12.889207,77.65149699999998
Govt. School Play Ground,12.890227,77.6529078
Corner,12.889746800000001,77.65679159999998
The Cambridge Junior School,12.8904121,77.66713940000002
TCIS - The Cambridge International School,12.8904121,77.66713940000002
KSDB Quarters,12.8908439,77.67246279999998
Maths Tuition Classes - Cuemath,12.890075,77.67324479999998
Indu,12.890075,77.67324479999998
CHALK AND DUSTER - My First School,12.890075,77.67324479999998
iON Digital Zone iDZ Rajarajeswari Medical College and Hospital,12.8912868,77.46575829999998
CHINMAYA VIDYALAYA BANASHANKARI,12.8905019,77.49744160000002
Kariyanapalya Government School,12.8915931,77.52193220000002
Tommy's,12.8920391,77.53478929999999
"Samvidh Psych Services ,New Premises",12.8921496,77.5349798
Flute classes,12.891909,77.541302
Little Sprouts Montessori,12.8922211,77.5412941
Maths Tuition Classes - Cuemath,12.89148,77.54178
Axioms Mathematics Tutions,12.890790699999998,77.54203940000002
Flute classes,12.891909,77.541302
Ankuram PreSchool & Day Care,12.8913637,77.5525069
Kishan Montessori house of children,12.8922555,77.5546589
"Cumath learning center, Math Expert",12.8908786,77.55488340000002
Kidzen Preschool,12.8913131,77.55922170000002
Kidzen day care,12.8913391,77.55921590000001
Royal english high school,12.8913975,77.55987069999998
KiDZEN,12.891652,77.56027490000002
Aryan School,12.891423800000002,77.56088609999998
Vani Institute Of Tailoring And Craft Course,12.8914655,77.560856
KiDZEN,12.891652,77.56027490000002
INSIGHT KIDZ,12.892451199999998,77.56085240000002
Royal English High School,12.891174900000001,77.56095680000001
Sri Kalika Motors,12.8913581,77.56305079999998
Little Heaven-Preschool,12.8924459,77.5640421
RMS International School,12.8922627,77.5655568
Green Valley English High School,12.8920519,77.57187929999998
Green Valley English School,12.8920591,77.5718772
Green Vally Scool Mathew House,12.8923385,77.5717683
Abhyudaya - Reaching the Socially Deprived,12.8925241,77.57332290000002
The Art of Living Happiness Center,12.891855900000001,77.572401
Venus Kidz,12.8914273,77.5767522
Zero Limits Montessori,12.890823199999998,77.5764892
Sakshara Montessori House of Children,12.8915337,77.5764622
Shri Vinayaka Vidyalaya School,12.8918924,77.57662909999998
Maths Tuition Classes - Cuemath,12.891762,77.57706400000002
Bhagyavidata Bhavan,12.8915885,77.57730140000002
Shemrock,12.8916374,77.5785485
Touchstone Preschool,12.8916524,77.57857109999998
Kidzee - Millennium Kidz,12.8916621,77.579171
Nandana Public School,12.8913332,77.5776225
Ace Hacker,12.891731,77.579092
Manaraja Stationary,12.891979300000001,77.57897369999998
Bhagyavidata Bhavan,12.8915885,77.57730140000002
T.I.M.E. Kids Preschool- Arkere,12.8915384,77.58002040000002
Audio Life- Top Sound Engineering Institute in Bangalore India,12.8919538,77.5802444
Kidzee - Millennium Kidz,12.8916621,77.579171
Leap preschool,12.8915894,77.58050909999999
Ace Hacker,12.891731,77.579092
Jewelry Design Course Training-DreamZone Institute,12.8919805,77.58086259999997
Kumon Maths & English Classes:Best Kids Learning Centre in JP Nagar 7th Phase,12.89126,77.58157299999998
Caadencia Studio,12.892302,77.581763
Jewelry Design Course Training-DreamZone Institute,12.891980499999999,77.58086259999997
The Brigade School at J.P. Nagar,12.8920501,77.5851261
Shiny Stars,12.8913469,77.5879245
Kidzkare,12.8920097,77.5866582
Shiny Stars,12.8913469,77.5879245
Hello Kids - Bright,12.8914472,77.58949670000001
Hello Kids - Bright,12.8914472,77.58949670000001
Motherland English Medium School,12.8916927,77.5911066
Turtles School For Slow Learners,12.8909602,77.59219559999998
KIDZEE L&T South City,12.8910378,77.5926863
Motherland English Medium School,12.8916927,77.5911066
Early Innings Arekere,12.8905367,77.5924905
Little Elly-The Concept Preschool,12.890880699999999,77.59430789999998
Little Millennium,12.8906681,77.5940762
ONC Technology Pvt. Ltd.,12.891190199999999,77.5943868
the little crest,12.8921372,77.59531989999998
I Lead Global Preschool,12.8908325,77.5954431
THE LITTLE BUDS - PLAYSCHOOL,12.8922362,77.59550790000002
Buds and Blossoms,12.891872900000001,77.59867179999998
HOLA Dance & Fitness Arena,12.891291699999998,77.6013595
Oi Playschool - Vijaya Bank Layout,12.892134,77.60544399999998
Sri Gurucharan Play Home & Day Care,12.8920525,77.606466
Bloom Montessori HOC,12.890892800000001,77.6057802
Little Elly Preschool Vijaya Bank Layout,12.8919287,77.60678390000002
Icon kids,12.892211999999999,77.60658570000002
Vidyarpan Education,12.8919869,77.60722259999999
Little Elly Preschool Vijaya Bank Layout,12.8919287,77.60678390000002
Orchid English School,12.8904612,77.60945229999999
My Kids Day Care Center,12.891834699999999,77.6110387
"Chrysalis Kids, Bannerghatta Road",12.8919885,77.6103146
Rami's Dance Inc,12.8923869,77.6111743
Euro Kids,12.8922813,77.6105007
Sai Academy Of Excellence (SAEE),12.8917873,77.6110135
"EuroKids Preschool Bilekahalli, Best Kindergarten in Bangalore",12.8922212,77.61052729999999
"Podar Jumbo Kids Plus,Vijaya Bank Layout",12.8919822,77.61031190000001
Santhome School of Nursing,12.8911364,77.6134045
Nightingales Public School,12.8912338,77.61338029999997
"Z Classes I Home tuition in Bangalore,Trained certified & experienced tutor for all subjects",12.8920383,77.6133641
New Vistas Kids,12.891637,77.614368
Maths Tuition Classes - Cuemath,12.89093,77.61591
KANAKASHREE CONSULTANTS,12.8907617,77.61590369999998
Yoga Bharati,12.8912516,77.61865619999998
"Kidzee Devarachikkanahalli, Royal Shelters ಕಿಡ್ ಝಿ",12.8921685,77.6196581
Eency Weency Pre Sschool,12.8922547,77.61967890000003
Kids Concepts - Royal Shelters,12.891418,77.619781
DLL Center tuition (A Software School),12.8915541,77.61924069999998
Tracho arts& Bharatnatyam,12.8921751,77.61960040000002
INCY VINCY PRE SCHOOL,12.892268,77.619546
Rayen Kids,12.892381599999998,77.61973449999998
Yoga Bharati,12.8912516,77.61865619999998
Santhoshi,12.8912533,77.62385809999998
Rcpuc Clg,12.8908012,77.62341359999998
Little Winners Play School,12.8912985,77.6239379
Little Winners Pre School & Day Care,12.8913074,77.62396070000001
Podar Jumbo Kids,12.8925006,77.6247113
Aadarsha Educational Society,12.8916495,77.62527759999998
Aadarsha School,12.8919175,77.62511690000002
Royal Concorde International School,12.8915509,77.6256959
Little Winners Pre School & Day Care,12.8913074,77.62396070000001
Little Winners Play School,12.8912985,77.6239379
Baldwin Public High School,12.890870699999999,77.62565409999998
Pradeep vishwakarma,12.8912996,77.62586859999998
Kwrwmdao Boro,12.8912996,77.62586859999998
Lalitpanika,12.8912996,77.62586859999998
Begur Church,12.891295900000001,77.62586809999998
Santhoshi,12.8912533,77.62385809999998
Vidya Jyothi School and College,12.8921467,77.6271818
SunriseMaids,12.8915718,77.62753219999998
Jaihind International School,12.8922901,77.62607729999998
T.I.M.E kids preschool - Hongasandra,12.89131,77.6259972
Pradeep vishwakarma,12.8912996,77.62586859999998
Kwrwmdao Boro,12.8912996,77.62586859999998
Lalitpanika,12.8912996,77.62586859999998
Begur Church,12.8912959,77.62586809999998
Royal Concorde International School,12.8915509,77.6256959
SunriseMaids,12.8915718,77.62753219999998
Cuemath Preethi,12.890738699999998,77.6303041
Gurukul public school (lower classes),12.8913479,77.63034710000002
Dance School,12.8911367,77.6315298
Natyanjali Kala Sangama,12.8909397,77.6317622
V S kids zone,12.891501,77.633935
Matha's School,12.8914842,77.6341501
SLV Stationery,12.8918352,77.6343392
SRVS School,12.8911838,77.63594309999998
Asare school,12.891328900000001,77.635116
RACE (Kudlugate) New Building,12.8921978,77.63571499999998
SLV Stationery,12.8918352,77.6343392
Matha's School,12.8914842,77.6341501
SRVS School,12.8911838,77.63594309999998
New Bharath International School & PUC College,12.892017,77.63841699999998
RSS,12.890836300000002,77.6382191
Tata Sky,12.8908635,77.6477797
Priyadharshinie Public School,12.8918147,77.64827740000001
Sri Sai Baba Educational Trust,12.8918147,77.64827740000001
Sri Sai Baba Educational Trust,12.8918147,77.64827740000001
Priyadharshinie Public School,12.8918147,77.64827740000001
Unify Institute,12.892122500000001,77.64851580000001
HelloKids - Kudlu,12.8924224,77.65620809999999
All State INDIA Community Development Programmes,12.8911789,77.67236179999998
Presidency School Banashankari,12.8932002,77.52240649999997
Math Tuition Classes - Cuemath,12.893965199999998,77.52543940000002
Maths Tuition Classes - Cuemath,12.894027,77.534323
Power Gym 1,12.892434300000001,77.53757940000001
Touring Talkies Academy,12.8935092,77.5381391
Kidzee Gubbalala,12.8928657,77.53876269999998
testing,12.8935716,77.5393527
Kidzee Gubbalala,12.8928657,77.53876269999998
Little Pandas,12.8936749,77.53869329999998
Little Sprouts Montessori,12.8922211,77.5412941
Divya ellidyamma,12.8933928,77.55412299999998
Kishan Montessori house of children,12.8922555,77.5546589
Divya ellidyamma,12.8933928,77.55412299999998
Rays Academy Of Learning,12.893743800000001,77.5563372
RAYS Montessori,12.8934,77.5570714
Nivedita School,12.893154800000001,77.55809079999999
BRV School,12.8935954,77.55820059999998
ART OF MUSIC,12.8929644,77.55890099999998
"Niveditha School,Vasanthapura",12.8933324,77.55779670000003
Nivedita School,12.8933339,77.5577964
Step Max,12.892711,77.55944260000003
Nivedita School,12.893154800000001,77.55809079999999
Orchard Public school,12.8930815,77.56024029999998
Sand & Pebbles,12.893282199999998,77.5601566
Insight Academy,12.8928697,77.5596345
Step Max,12.892711,77.55944260000003
RAAH ACADEMY,12.8930023,77.56095800000001
INSIGHT KIDZ,12.892451199999998,77.56085240000002
Athena Block DPS SOUTH,12.8938246,77.56189169999998
RAAH ACADEMY,12.893002300000001,77.56095800000001
Delhi Public School Senior Secondary Block,12.8939422,77.5620107
Delhi Public School Bengaluru South,12.8932804,77.56353320000002
Alpine Public School,12.8935493,77.5631209
Little Heaven-Preschool,12.8924459,77.5640421
RMS International School,12.8922627,77.5655568
Little Elly,12.893862400000002,77.5671454
Rada Medical Mathew House,12.8928513,77.5713468
Step Up Dance Academy,12.892943800000001,77.57216050000002
Chaitanya Vidya Mandira,12.8935389,77.57270100000002
Green Vally Scool Mathew House,12.8923385,77.5717683
Rada Medical Mathew House,12.8928513,77.5713468
Green Valley English School,12.8920591,77.5718772
Green Valley English High School,12.8920519,77.57187929999998
Abhyudaya - Reaching the Socially Deprived,12.8925241,77.57332290000002
"Gym In JP Nagar, Bangalore - Lotus Sports and Fitness",12.892925,77.5761936
Artarea,12.892619,77.57651700000002
Shri Shaaradha Vidhya Mandir,12.8933567,77.5768756
Shri Shardha Vidya Mandir,12.8935445,77.576891
Artarea,12.892619,77.57651700000002
Trianglehead,12.892661,77.57961999999998
Maths Tuition Classes - Cuemath,12.8930478,77.5795208
Maths Tuition Classes - Cuemath,12.8930614,77.57953149999999
Vidhya Vinayaka Tuition,12.8926539,77.5785047
Manaraja Stationary,12.891979300000001,77.57897369999998
Seeds of Success,12.892411,77.5808596
Oxford English school ICSE,12.8938256,77.5812849
Manoja J,12.8938256,77.5812849
Plant21 Driving School,12.8938256,77.5812849
Jewelry Design Course Training-DreamZone Institute,12.8919805,77.58086259999997
Vaatsalya,12.893243199999999,77.58294140000002
Divine Montessori School,12.8937948,77.5822386
Sri Chaitanya school,12.8933949,77.584254
CULT,12.893430300000002,77.5861965
Universal Toddler's,12.8926842,77.58700449999998
Narayana E-Techno School,12.8927219,77.5871098
Radiant Academy,12.8927836,77.5880154
Narayana E-Techno School,12.8925925,77.5873153
Camlin School,12.8927606,77.5878749
Sumayya School,12.8926611,77.5879521
Universal Toddler's,12.8926842,77.58700449999998
Maths Tuition Classes - Cuemath,12.8933301,77.58933090000002
Maths Tuition Classes - Cuemath,12.8933373,77.58933309999998
"SAMANVAY MONTESSORI HOUSE OF CHILDREN - PLAY SCHOOL IN JP NAGAR, BANGALORE",12.89353,77.59528209999998
Panduranga Residents Welfare Association,12.8934373,77.59459319999998
Global Art - Bannerghatta Center,12.892259,77.59644399999998
Maths Tuition Classes - Cuemath,12.8937,77.5962
IIM Bangalore Back Gate,12.8928457,77.6005437
IIM Bangalore Back Gate,12.892845699999999,77.6005437
Oi Playschool - Vijaya Bank Layout,12.892134,77.60544399999998
Satya Firmware,12.892362400000001,77.60501219999998
Sri Gurucharan Play Home & Day Care,12.8920525,77.606466
Pastel PrePrimary,12.8927754,77.60712319999998
Icon kids,12.892212,77.60658570000002
Maple Bear Canadian Pre School Vijaya Bank Layout,12.8928227,77.6081423
LIL BROOKS PRE SCHOOL,12.893332199999998,77.60870290000003
Little Millennium Vijaya Bank Layout,12.892638999999999,77.610809
"Playtopia edutainment - Montessori Preschool, Daycare, Afterschool, Play, Party",12.8934017,77.6107632
Euro Kids,12.8922813,77.6105007
"Chrysalis Kids, Bannerghatta Road",12.8919885,77.6103146
"EuroKids Preschool Bilekahalli, Best Kindergarten in Bangalore",12.8922212,77.61052729999999
SIP - Vijaya Bank Layout,12.8925986,77.61071849999998
Little Millennium Preschool,12.8925745,77.6107413
Maths Tuition Classes - Cuemath,12.89395,77.61012
"Podar Jumbo Kids Plus,Vijaya Bank Layout",12.8919822,77.61031190000001
Driving School,12.8924614,77.61161849999998
T.I.M.E KIDS@ vijayabank layout,12.8938522,77.61167669999998
Rami's Dance Inc,12.8923869,77.6111743
Me Fitness,12.8926725,77.61168289999998
Aspire Crntre for Autism,12.8934703,77.61131879999998
Nightingales English School,12.893245,77.613556
"Z Classes I Home tuition in Bangalore,Trained certified & experienced tutor for all subjects",12.8920383,77.6133641
Maths Tuition Classes - Cuemath,12.89379,77.61555
Vistas Montessori,12.893819,77.61522699999998
"Sunshine Preschool & Daycare Chain - Banerghatta, Bangalore",12.893907,77.615156
Tiny Gleams,12.8927486,77.6180229
Maths Tuition Classes - Cuemath,12.892745,77.617627
Kriyaa Early Learning Centre,12.8928702,77.6187418
Tiny Gleams,12.8927486,77.6180229
"Edu-Paedia Pre-School, Bommanahalli Branch",12.8929215,77.61914449999998
First Step Montessori House of Children,12.8935878,77.6188367
Pallu,12.893443800000002,77.61959809999998
Power Bi Training Center,12.892867800000001,77.6198215
INCY VINCY PRE SCHOOL,12.892268,77.619546
Unique Academy,12.8933994,77.62018520000002
Power Bi Training Center,12.8928678,77.6198215
Rayen Kids,12.892381599999998,77.61973449999998
Podar Jumbo Kids,12.8925006,77.6247113
Jaihind International School,12.8922901,77.62607729999998
Vidya Jyothi School and College,12.8921467,77.6271818
Sri Venkateshwara Public High School,12.893080699999999,77.62804870000002
PRAGATHI PUBLIC SCHOOL,12.8928088,77.6295203
Maths Tuition Classes - Cuemath,12.8923,77.62929
Mother Teresa Public School,12.8934105,77.63089120000002
"Smiling Kids, Pre school, Kindergarden & Daycare",12.89353,77.63159399999998
NAVODAYA VIDYALAYA CLASSES,12.8930003,77.6321016
Excellent Home tuition bangalore I Home tuition service in all over Bangalore I,12.89316,77.632864
GUTTE ABBAIAH REDDY LAYOUT,12.8928104,77.63513080000001
JAIHIND INTERNATIONAL SCHOOL,12.892778100000001,77.6359142
Hello Kids Supreme,12.8931908,77.63691379999999
St. Mary's High School,12.8939095,77.6365067
Race Garebhavipalya Bengaluru,12.8925107,77.63614129999998
New St. Mary's School,12.8926339,77.6355086
Maasoom Preschool & Daycare | GB Palya,12.8932318,77.6367994
St. Mary's High School,12.892617300000001,77.6354386
St Public School,12.8931229,77.636898
RACE (Kudlugate) New Building,12.8921978,77.63571499999998
GUTTE ABBAIAH REDDY LAYOUT,12.8928104,77.63513080000001
Mathas ICSE School,12.892836099999998,77.6371467
Hello Kids Supreme,12.8931908,77.63691379999999
Mathas ICSE School,12.892836099999998,77.6371467
Maths Tuition Classes - Cuemath,12.8926,77.63857999999998
St Public School,12.8931229,77.636898
Maasoom Preschool & Daycare | GB Palya,12.8932318,77.6367994
Maths Tuition Classes - Cuemath,12.8926,77.63857999999998
Masjid Mukhtar,12.8939704,77.642634
New Macaulay English High School,12.8933532,77.64486140000002
"Macaulay school, kudlu",12.892920599999998,77.64554439999998
New Macaulay English School,12.893248300000002,77.644932
"Macaulay school, kudlu",12.892920599999998,77.64554439999998
Unify Institute,12.892122500000001,77.64851580000001
Sai Tech Kids Montessori School,12.8935497,77.65057159999998
"Samsidh MLZS, HSR Extension",12.8927336,77.6509913
Pinks & Blues Pre-School,12.8925915,77.6569543
Little Harvard Early Education (Preschool & Daycare),12.892548,77.65676850000001
Hello Kids - KUDLU,12.8925074,77.6562567
This is 8th Cross Main,12.893448699999999,77.65738859999998
HelloKids - Kudlu,12.8924224,77.65620809999999
Dots Montessori - Kudlu,12.892890199999998,77.65856819999998
Maths Tuition Classes - Cuemath,12.893627,77.65885999999998
Maths Tuition Classes - Cuemath,12.892441999999999,77.66031799999998
Dots montessori,12.8935462,77.6596132
CUEMATH LEARNING CENTRE,12.8945939,77.52465160000001
Math Tuition Classes - Cuemath,12.893965199999998,77.52543940000002
Aagasa shilpam,12.8946954,77.5321766
Maths Tuition Classes - Cuemath,12.894848,77.532742
Maths Tuition Classes - Cuemath,12.894027000000001,77.534323
Nest Kindergarten with Preschool,12.8946559,77.5351313
Maths Tuition Classes - Cuemath,12.894027000000001,77.534323
Little Elly Preschool Gubbalala,12.894095,77.5367667
Little Elly,12.894086300000001,77.53669640000003
Excellent Kids,12.8949928,77.5367255
Little Pandas,12.8936749,77.53869329999998
Anganwadi Kendra,12.8940265,77.5425453
Sree Vijaya Vidya Mandira,12.8943033,77.55310879999998
Vallabh Education Trust Vasanthapura,12.8942296,77.55186669999998
Marikamba Temple,12.894229600000001,77.55186669999998
Sree vijaya vidya mandira,12.8943233,77.55310809999997
Sree Vijaya Vidya Mandira,12.8943033,77.55310879999998
Lighthouse Montessori House,12.8950701,77.5540178
Sree vijaya vidya mandira,12.8943233,77.55310809999997
Visualizing Maths,12.8945413,77.5551881
Rays Academy Of Learning,12.893743800000001,77.5563372
SC ST boys Hostel Sharada Nagara,12.894605,77.5562588
Indira Krishna Vidyashala - IKV,12.8943838,77.5554798
Intresting Maths,12.8947439,77.5554782
Visualizing Maths,12.8945413,77.5551881
Bbmp Indoorplay Bome,12.8941635,77.5591297
Sriharsha Ramkumar,12.894634,77.56067
Delhi Public School Auditorium,12.8938471,77.56296689999998
Alpine Public School,12.8935493,77.5631209
Delhi Public School Senior Secondary Block,12.8939422,77.5620107
Little Elly,12.893862400000002,77.5671454
Jyothy Kendriya Vidyalaya,12.8948979,77.5705553
Jyothy Kendriya Vidyalaya,12.8948979,77.5705553
Venus Dance Music Fitness Studio,12.894651,77.57216700000002
Venus Dance Music Fitness Studio,12.894651,77.57216700000002
Chaitanya Vidya Mandira,12.8935389,77.57270100000002
Sai Coaching Centre,12.8941314,77.57720490000001
Shri Shardha Vidya Mandir,12.8935445,77.576891
Maths Tuition Classes - Cuemath,12.89541,77.57706400000002
Twinklers Public School,12.8947747,77.57842600000002
Samruddi Charitable Trust,12.8948113,77.5784233
Maths Tuition Classes - Cuemath,12.89409,77.57948999999998
The English Cube,12.894890400000001,77.5818196
INSTITUTE OF SPANISH STUDIES,12.89495,77.5817811
Certified translators and interpreters,12.8949865,77.5818106
Sai Sri Krishna Nivasa,12.8946886,77.58241389999998
Manoja J,12.8938256,77.5812849
Plant21 Driving School,12.8938256,77.5812849
Oxford English school ICSE,12.8938256,77.5812849
Divine Montessori School,12.8937948,77.5822386
Kiran’s House,12.894095199999999,77.582994
Orkidz school,12.8938687,77.5836853
Maths Tuition Classes - Cuemath,12.895025,77.58425299999998
Sai Sri Krishna Nivasa,12.8946886,77.58241389999998
Image Public School,12.8946978,77.58501
White Belt School,12.8954291,77.5853556
Lilcaterpillars,12.8954341,77.5871635
"SAMANVAY MONTESSORI HOUSE OF CHILDREN - PLAY SCHOOL IN JP NAGAR, BANGALORE",12.89353,77.59528209999998
Maths Tuition Classes - Cuemath,12.8937,77.5962
C,12.894281,77.60093789999998
EPGP Lounge,12.8946184,77.60319240000003
EPGP Lounge,12.8946184,77.60319240000003
Tarak Dance Academy,12.8947325,77.60554499999998
Tamara dance center kid,12.8949158,77.6054349
Kids Nest,12.8953743,77.6079239
Maths Tuition Classes - Cuemath,12.89506,77.60806
Vigyaan Academy,12.895390699999998,77.6078792
YOGA CLASSES,12.8954034,77.60811989999998
carmel tuition center,12.894399400000001,77.6093933
Maths Tuition Classes - Cuemath,12.89395,77.61012
THE NEST4KIDS,12.894083,77.61160300000002
T.I.M.E KIDS@ vijayabank layout,12.8938522,77.61167669999998
kids cube preschool Bilekahalli,12.8939206,77.61089799999998
Blue Star English School,12.8952879,77.6108067
Aspire Crntre for Autism,12.8934703,77.61131879999998
Kidz Nest Play School,12.894248,77.613022
Kriyaa Early Learning Centre,12.894021,77.61441140000002
Kriyaa PreSchool,12.894111099999998,77.61443299999998
"WizMantra Academy- English Speaking Classes, IELTS, TOEFL, GRE, GMAT",12.894529499999999,77.6150723
New Arvind Memorial English School,12.8947385,77.61501919999998
John Playschool - Kindergarten,12.895029199999998,77.61458669999998
"Sunshine Preschool & Daycare Chain - Banerghatta, Bangalore",12.893907,77.615156
Vistas Montessori,12.893819,77.61522699999998
The Art of Living Happiness Center,12.8953449,77.61503689999998
Maths Tuition Classes - Cuemath,12.89379,77.61555
Viswasai college of nursing,12.8949145,77.61868849999998
Sree Akshara Little Champs,12.894485699999999,77.61957259999998
Joseph High,12.8943531,77.61977030000001
Blossom School,12.894659599999999,77.6235155
Ajay Driving School,12.894471,77.62821799999998
Bright Kid Montessori Preschool,12.8943047,77.6284276
Gowri Atthe Mane,12.89489289999999,77.62802409999998
Prathana Public School,12.8938785,77.62842359999998
gyan bharti school,12.8942722,77.6289517
Silk Board,12.8942722,77.6289517
Bright Future English Primary And High School,12.8940796,77.6306819
Primary School,12.894574,77.63159259999998
"Smiling Kids, Pre school, Kindergarden & Daycare",12.89353,77.63159399999998
RZI Kids Home,12.8943967,77.6339382
Stanford Public School,12.8945596,77.633922
Guru Shishya Talent Academy,12.8947169,77.6355323
Mamata Stationary & Xerox,12.8952546,77.6357182
St. Mary's High School,12.8939095,77.6365067
Shree Neelagirishwara Vidyaniketana,12.8940536,77.63726650000002
Maruthi Education Society,12.895267,77.638217
Masjid Mukhtar,12.8939704,77.642634
Sai Tech Kids Montessori School,12.8935497,77.65057159999998
Mary Mount Primary School,12.8941288,77.6528749
The Legends Martial Arts Academy,12.894561,77.652884
Hobby Hoppers,12.8941939,77.65204440000002
EXPERT DRIVING ADVICES,12.8950822,77.6527344
Math Tuition Classes - Cuemath,12.894492,77.65852799999998
Shalabham Alternative Learning Space Haralur,12.8939791,77.6597314
Math Tuition Classes - Cuemath,12.894492,77.65852799999998
Dots montessori,12.8935462,77.6596132
Maths Tuition Classes - Cuemath,12.893627,77.65885999999998
Futura Fortune Academia,12.8951518,77.66015949999998
Skywood Flowers,12.8948091,77.66162729999998
Claps and Giggles,12.8944913,77.66132590000002
Early Innings Harlur,12.8947344,77.6616705
Koala Preschool,12.8949704,77.66163440000003
The Freethinking School,12.8944158,77.66306440000002
Maths Tuition Classes - Cuemath,12.89403,77.66235999999998
Lifestyle 71,12.8940922,77.6697075
Rinny's Garden,12.8947325,77.6730223
Block A,12.894339,77.674791
Amrita Fountain,12.8946972,77.67512690000002
water decoration with swarn statue,12.8945459,77.67553520000001
"Girls Hostel, Amrita University",12.894310899999999,77.67697290000002
Chota Champs,12.8967543,77.492696
"Basava Belaku, ಬಸವ ಬೆಳಕು",12.8953338,77.52384740000002
Maths Tuition Classes - Cuemath,12.896727,77.52522429999998
Prarthana School Biennial day celebration,12.896672,77.52960470000002
Veda Nada Gurukula,12.8958574,77.5328625
Quality Health Care school of Nursing Bangalore,12.896446000000001,77.54069299999998
Maths Tuition Classes - Cuemath,12.89543,77.54777
DAV Public School Vasanthapura Main Road,12.8965765,77.54805429999998
BSL School,12.8967545,77.54845619999998
I Play I Learn,12.8963231,77.5500387
Royal Orchid Prenursery School,12.8963767,77.55007890000002
Vasanthapura Government School,12.895957800000001,77.55043559999999
Natyalaya,12.8963141,77.5514968
Abhyudaya Reaching the Socially Deprived,12.8956485,77.5517339
"JollyKids PreSchool, Daycare Center, Public Lending Library and Hobby Classes",12.895815,77.556877
Little Elly Preschool ISRO Layout,12.8965383,77.56103590000002
SIP - Isro Layout,12.896983,77.56008849999998
"Kids Lounge, ISRO Layout",12.896127,77.562433
Little Elly Preschool ISRO Layout,12.8965383,77.56103590000002
Nalanda Vidya Peeta School,12.8957888,77.56620509999998
Nalanda Vidya Peeta Yelachenahalli,12.895734,77.5660515
Sri Harsha School,12.8961581,77.5667509
Nalanda Vidya Peeta School,12.8957888,77.56620509999998
Nalanda Vidya Peeta Yelachenahalli,12.895734,77.5660515
S M English High School,12.896574,77.571365
Bright Kidz,12.8968025,77.57203349999997
Distance MBA in Hospital Administration,12.8961436,77.57304069999998
Bright Kidz Play School,12.896901,77.57213929999998
Distance MBA in Hospital Administration,12.8961436,77.57304069999998
Chitra Koodam,12.8958701,77.5772081
Jain Public School,12.8962454,77.57835340000003
Maths Tuition Classes - Cuemath,12.89541,77.57706400000002
Jain Public School,12.8962454,77.57835340000003
INSTITUTE OF PORTUGUESE STUDIES,12.896119699999998,77.57976479999998
INSTITUTE OF GERMAN STUDIES,12.895925,77.579984
Samruddhi Kidz,12.895594000000001,77.581115
Sri Sai Kids Home,12.895851,77.5813371
INSTITUTE OF GERMAN STUDIES,12.895925,77.579984
YOGA CITY FOR YOGA AT HOME,12.89567,77.58232
Manasa Vidya kendra,12.895559,77.58262509999999
Little Gems Nursery Teachers Training (NTT),12.8964097,77.58238759999998
Sushmitha GS's House,12.8962233,77.5833147
Maths Tuition Classes - Cuemath,12.895025,77.58425299999998
Sushmitha GS's House,12.8962233,77.5833147
Scribbles,12.8961416,77.5865567
White Belt School,12.8954291,77.5853556
99college,12.8958157,77.58699179999998
Sanfort Preschool J P Nagar Bengaluru,12.8957892,77.5870758
Gigglezz Pre School,12.8961218,77.5878903
Pramiti school,12.8959061,77.5883295
I Play I Learn,12.895374,77.5877321
Lilcaterpillars,12.8954341,77.5871635
Holy Mother English Schools,12.895962,77.5886766
Sanfort Preschool J P Nagar Bengaluru,12.8957892,77.5870758
99college,12.8958157,77.58699179999998
Study Centre,12.896908999999999,77.58787
Holy Mother English Schools,12.895962,77.5886766
Nada Sudha Sangeeta Kala Mandira,12.895712699999999,77.58884809999998
Maths Tuition Classes - Cuemath,12.89596,77.59555
GROWING MIRACLES - PLAYSCHOOL IN BANNERGHATTA ROAD,12.896027199999999,77.5967684
Growing Miracles,12.8958521,77.5967787
Fun School Adventure,12.896682400000001,77.5962902
Shanthi Villa,12.8958099,77.5970973
Avishkar Kidz,12.896280099999998,77.597166
Maths Tuition Classes - Cuemath,12.89596,77.59555
Sunrise Kids Early Learning Centre,12.896581900000001,77.59702159999998
Avishkar Kidz,12.896280099999998,77.597166
Shanthi Villa,12.8958099,77.5970973
AECS Maaruti School of Nursing,12.8967597,77.59964620000002
Kids Nest,12.8953743,77.6079239
ARMS FITNESS,12.8958139,77.60843709999997
vijaya driving school,12.896161900000001,77.6078722
Teresa Public School,12.8953442,77.60839140000002
YOGA CLASSES,12.8954034,77.60811989999998
Vigyaan Academy,12.895390699999998,77.6078792
Maths Tuition Classes - Cuemath,12.89506,77.60806
N hulugappa,12.8969901,77.6082131
Blue Star English School,12.8952879,77.6108067
I Lead Global Preschool,12.8961827,77.6119064
Maths Tuition Classes - Cuemath,12.89669,77.61422499999998
Little Ville Preschool - Kodichikknahalli,12.895970599999998,77.6154138
The Art of Living Happiness Center,12.895344900000001,77.61503689999998
GMPS Hongasandra Gov. School,12.8962986,77.6243329
Govt Model School,12.8960534,77.6250518
My Bus Stop,12.8957207,77.6260375
Govt Model School,12.8960534,77.6250518
OXFORD PUBLIC SCHOOL hongasandra bangalore 68,12.8956182,77.62656729999998
Oxford Public School,12.8956041,77.62656240000003
OXFORD PUBLIC SCHOOL hongasandra bangalore 68,12.8956182,77.62656729999998
Oxford Public School,12.8956041,77.62656240000003
Swamy,12.8959306,77.63357040000002
Narayana E-Techno School,12.8963881,77.6340455
Carmel School,12.8955985,77.63377159999997
Ves High School,12.896276,77.6348974
Ves Convent,12.8963084,77.6349226
Swamy,12.8959306,77.63357040000002
JSS High School,12.895793800000002,77.63602259999998
Noorani masjid,12.895735499999999,77.63603669999998
Mamata Stationary & Xerox,12.8952546,77.6357182
Maruthi Education Society,12.895267,77.638217
Uma Shankar R gowda,12.8967109,77.63954869999998
GHPS Garve Bhavi Palya,12.8961329,77.641667
Government Boys School,12.8958682,77.6419647
"ನಮ್ಮೂರ ಸರ್ಕಾರಿ ಹಿರಿಯ ಪ್ರಾಥಮಿಕ ಪಾಠ ಶಾಲೆ,Bandepalya Govt Higher Primary School.",12.895913900000002,77.6420871
"ನಮ್ಮೂರ ಸರ್ಕಾರಿ ಹಿರಿಯ ಪ್ರಾಥಮಿಕ ಪಾಠ ಶಾಲೆ,Bandepalya Govt Higher Primary School.",12.895913900000002,77.6420871
Government Boys School,12.895868199999999,77.6419647
Diana Convent,12.8969809,77.64308309999998
BRAHAMAKUMARI VISWA VIDYALAYA,12.8959954,77.6556418
Ken Montessori School and Day care,12.8959783,77.6556986
Ken Montessori School and Day care,12.895978300000001,77.6556986
Kidz Pathshala,12.896331,77.6584795
Kiaan preschool,12.895895,77.6581686
Kids Patashala,12.896628,77.6582152
Educafe Tutorials,12.8967502,77.65843679999998
Futura Fortune Academia,12.8951518,77.66015949999998
The Amaatra Academy,12.896695,77.67255329999998
TEDxYouthAmaatraAcademy,12.8964864,77.67298339999998
Boys basketball court,12.8967215,77.67617829999998
Chota Champs,12.8967543,77.492696
SJB School of Architecture and Planning,12.8975336,77.4951547
BGS Public School,12.8969176,77.49583829999997
SJB SCHOOL OF DESIGN INTERIORS,12.897608300000002,77.49536320000001
"Sjb college of nursing and paramedical studies,ajinorah IELTS OET training centre",12.8983389,77.495378
WINN ACADEMY,12.898064199999999,77.51159859999999
Maths Tuition Classes - Cuemath,12.896727,77.52522429999998
Prarthana School Biennial day celebration,12.896672,77.52960470000002
Turahalli Government School,12.897133,77.538409
A V School of Nursing,12.8983561,77.5433122
New Mellinium Publisc School,12.8983958,77.54690759999998
"Arunodaya Public School, Vasanthpura Auro kids play home and day care center",12.897913699999998,77.54839249999998
BSL School,12.8967545,77.54845619999998
GEMS TT Academy,12.897586,77.55089100000002
Maths Tuition Classes - Cuemath,12.897692,77.550853
IRA art galery and painting and skeching classes,12.897775,77.55095899999998
Maths Tuition Classes - Cuemath,12.89803,77.5509
Orange Preschool ISRO Layout,12.8971336,77.55849309999998
Aditi Montessori,12.8980764,77.5571116
Maths Tuition Classes - Cuemath,12.896651,77.557572
Leo Kids,12.8970718,77.5584494
Podar Jumbo Kids,12.8970896,77.5599015
Orange Preschool ISRO Layout,12.8971336,77.55849309999998
Bunnies Preschool,12.8978909,77.55901829999998
SIP - Isro Layout,12.896983,77.56008849999998
Leokids Isro Layout,12.8970284,77.56012079999998
Leo Kids,12.8970718,77.5584494
Lalitha Kala kshithi,12.8971924,77.5608446
"Bachpan Play School, ISRO Layout",12.8969467,77.5606767
Little Elly Preschool ISRO Layout,12.8965383,77.56103590000002
Leokids Isro Layout,12.8970284,77.56012079999998
SIP - Isro Layout,12.896983,77.56008849999998
Eurokids ISRO Layout,12.897097,77.56339609999998
Saint Mount Mary School,12.8974419,77.56853389999998
Saint Mount Mary Education Society Kashi Nagar,12.8971757,77.5701811
Y.E.T. Kids School,12.8975094,77.57048689999998
Bright Kidz,12.8968025,77.57203349999997
Katia Animation College,12.8970711,77.57134789999998
BCM Hostel,12.8975362,77.5709153
Dayananda English School Yalachenahalli,12.898119,77.5718
Y.E.T. Kids School,12.8975094,77.57048689999998
S M English High School,12.896574000000001,77.571365
Bright Kidz Play School,12.896901,77.57213929999998
Govt primary school Badtho ka Talva guda ramsingh guda kalan sojat road pali rajsthan 306103,12.8980843,77.57238000000002
Unique Fitness,12.8973134,77.57455490000002
Apartments,12.8967117,77.57996279999998
Government Primary School,12.8974733,77.58191169999998
Sarkari Maadari Prathamika Patashale,12.8973022,77.5819325
frank public school,12.8970258,77.58423839999998
Lakshmi Kinder Garden,12.8974823,77.5829464
Maths Tuition Classes - Cuemath,12.897533,77.58400800000003
Neelasandra,12.8969451,77.58374409999998
Natyanjali School of Dance,12.8980392,77.58467619999998
"NURTURE INTERNATIONAL - PLAY SCHOOL IN JP NAGAR, BANGALORE",12.898168,77.585052
Tree House Play Group,12.897889,77.584515
frank public school,12.8970258,77.58423839999998
Sanskrath,12.8970777,77.5858937
Sherwood Kindergarten,12.8977291,77.5889985
Primary School Rampur arana Sadullah r Nagar,12.8977339,77.58924300000002
Primary School Rampur ranna sadullanagar,12.8977891,77.58928019999998
AL- Hadi Kinder Garden,12.8982513,77.5887953
Study Centre,12.896908999999999,77.58787
Shams Primary School.,12.8978559,77.5903359
St Peter's Highschool,12.8975287,77.597557
Sunrise Kids Early Learning Centre,12.8965819,77.59702159999998
AECS Maaruti School of Nursing,12.896759699999999,77.59964620000002
IIMB Children's Park,12.8979964,77.602547
Abhyudaya Reaching the Socially Deprived,12.898030300000002,77.60505520000002
Abhyudaya Reaching the Socially Deprived,12.898030300000002,77.60505520000002
DILEEP NURSERY PRIMARY & ENGLISH HIGH SCHOOL,12.896913,77.60769499999998
Blue Star English School,12.8971421,77.60699170000002
N hulugappa,12.8969901,77.6082131
Roots Montessori - House of Children,12.8975212,77.6112711
Hafsa saleem anugrah,12.8975556,77.6116012
Kids Castle Preschool & Daycare-Kodichikkanahalli,12.8976604,77.61467090000002
Cuemath Learning Centre.,12.8979486,77.61443309999999
Shruthi,12.8967759,77.61436619999998
Maths Tuition Classes - Cuemath,12.89669,77.61422499999998
Government Lower Primary School Yarramanchanahalli,12.8983601,77.6179466
Basis International School,12.8983601,77.6179465
Govt. Lower Primary School Bommanahalli,12.8983601,77.6179466
G HPS Kuntabommanahalli,12.8983601,77.6179466
Cumath Center,12.8981286,77.6190891
Florida English School,12.8983651,77.6200537
Bhagalakshmi Convent and English High School,12.8972156,77.6219125
MGS Infant School,12.8973375,77.62080879999998
BL English Convent & High School,12.8971989,77.6222488
BL English Convent & High School,12.8971989,77.6222488
Brahmagiri Vidya Mandir,12.898168,77.6250836
Gyana Bharathi School Knowledgucate,12.8972163,77.62619099999998
Gnana Bharathi High School Knowledgucate,12.897251400000002,77.6302754
jnana bharathi high school,12.8973398,77.63048959999998
Gurukul High School,12.898115400000002,77.6295662
Excellent English Medium School,12.8973271,77.6336525
New Wisdom Modern High School,12.8973353,77.640017
Diana Convent,12.8969809,77.64308309999998
Diana Convent,12.8969809,77.64308309999998
Akásh Guitar Class,12.897793,77.650154
Somasandrapalya Government School,12.897994,77.6511151
Somasundara Palya School,12.8979951,77.65138999999998
Govt high school,12.8982147,77.65134609999998
GHPS Somasundarapalya,12.8981369,77.6514654
Higher Primary Kannada Government School,12.897967800000002,77.6513753
Sai Kuteer,12.8968424,77.65270290000002
Higher Primary Kannada Government School,12.897967800000002,77.6513753
Budding World,12.897093400000001,77.6581042
Narayana Olympiad School,12.897638,77.657741
NARAYANA IIT OLYMPIAD SCHOOL,12.8977314,77.6576704
seamdvarma,12.8974196,77.6585243
Kids Patashala,12.896628,77.6582152
Educafe Tutorials,12.8967502,77.65843679999998
Narayana Olympiad School,12.8977451,77.65781820000002
seamdvarma,12.8974196,77.6585243
Words Work Library and Children's Center,12.8975504,77.66154019999998
Maths Tuition Classes - Cuemath,12.89834,77.66299000000002
The Amaatra Academy,12.896695,77.67255329999998
TEDxYouthAmaatraAcademy,12.8964864,77.67298339999998
Pyramid Spiritual Science Academy,12.897462599999999,77.67527679999998
Cricket ground,12.897115,77.67570090000002
Amrita University Boys Playground,12.897344699999998,77.67580240000002
Mathura Block,12.8974918,77.6760673
Amrita University Boys Playground,12.897344699999998,77.67580240000002
Boys basketball court,12.8967215,77.67617829999998
Cricket ground,12.897115,77.67570090000002
SGK MODERN PUBLIC SCHOOL,12.899172300000002,77.46816190000001
Vishwa Venkateshwara INTERNATIONAL SCHOOL,12.8996212,77.48269739999998
RAIN TREES SCHOOL,12.8996212,77.4826978
ST.BENEDICTS ACADEMY,12.8986117,77.4820051
Basavanna Temple,12.8996212,77.48269739999998
Sanjoesadan School,12.8996212,77.48269739999998
ACS,12.8996212,77.48269739999998
Smart yoga institute kodipalya,12.8991262,77.4870601
St.Anns Public High School,12.8984348,77.49067769999998
Kodipalya,12.8984348,77.49067769999998
"Sjb college of nursing and paramedical studies,ajinorah IELTS OET training centre",12.8983389,77.495378
SJB Civil & Mechanical Block,12.899295500000001,77.49594990000001
SJBIT (ROYAL MECHANICAL),12.8994315,77.4961075
OMKAR PUBLIC SCHOOL,12.899852699999999,77.50503069999998
Kanaka Bhavana,12.8986569,77.5110716
Kanaka Bhavana,12.8986569,77.5110716
WINN ACADEMY,12.8980642,77.51159859999999
Amrutha,12.899069099999998,77.52200700000002
National Public School,12.89968,77.5275541
G K Academy,12.899074800000001,77.5363168
G. K. Academy House,12.899074,77.5363844
Subramanyapura Government School,12.8989142,77.5436558
National Higher Primary School,12.8990023,77.5436671
A V School of Nursing,12.8983561,77.5433122
National Higher Primary School,12.898978,77.5434018
National Higher Primary School,12.8990023,77.5436671
Subramanyapura Government School,12.8989142,77.5436558
National Higher Primary School,12.898978,77.5434018
New Mellinium Publisc School,12.8983958,77.54690759999998
Success Coaching Centre,12.898511099999999,77.54797409999998
LAWRENCE INTERNATIONAL PUBLIC SCHOOL,12.8990796,77.5574579
Shrada vidyaniketan,12.8995511,77.55608509999998
Aditi Montessori,12.8980764,77.5571116
LAWRENCE INTERNATIONAL PUBLIC SCHOOL,12.8990796,77.5574579
Dayanada Schools,12.898525,77.562393
NATANA TARANGINI School of Art & Culture,12.8996683,77.562097
Devanga Study Centre,12.8991447,77.5664555
Anuradha Industrial Estate,12.8994161,77.566604
Dayananda Sagar English School,12.8995024,77.56947799999998
"Brahma Kumaris- Yelchenahalli, Rajyoga Meditation Class",12.898532000000001,77.56930200000002
Transcend College,12.8998555,77.569063
Frank Public School,12.8986218,77.57089739999998
Government Boys School,12.8996226,77.57017669999998
D9 DANCE & Fitness Studio,12.898703300000001,77.5726876
Govt primary school Badtho ka Talva guda ramsingh guda kalan sojat road pali rajsthan 306103,12.8980843,77.57238000000002
Shree Raghvendra School,12.899830499999998,77.5726323
Dayananda English School Yalachenahalli,12.898119,77.5718
Y.E.T. GROUP OF EDUCATIONAL INSTITUTONS,12.898393800000001,77.57395960000002
"Cosoft Technology-java,.net,sql,plsql,BigData Training Institute",12.899676800000002,77.57423279999998
Sri Vivekananda Education Society,12.899676800000002,77.57423279999998
Kids' Corner School,12.8988507,77.57570909999998
Ces Twinklers School,12.898763800000001,77.5759173
Planet Kids Preschool,12.8993168,77.57537940000002
Active Kids Pre School,12.898902,77.57640549999998
Litle acradia,12.898773,77.5764094
Gurappa Reddy Garden,12.8985977,77.5755824
Appy Kids,12.898757000000002,77.576403
Maths Tuition Classes - Cuemath,12.898773,77.5764094
Nair Pre School,12.898773,77.5764094
Abacus Montessori Home & Day Care Centre,12.8987871,77.57641590000001
Active Kids Pre School,12.898902,77.57640549999998
Litle acradia,12.898773,77.5764094
Abacus Montessori Home & Day Care Centre,12.8987871,77.57641590000001
Nair Pre School,12.898773,77.5764094
Maths Tuition Classes - Cuemath,12.898773,77.5764094
Appy Kids,12.898757000000002,77.576403
"Vivekananda School , Jaraganahalli",12.8999612,77.5772148
Royal school,12.8990889,77.58177730000001
Royal school,12.8990889,77.58177730000001
Natyanjali School of Dance,12.8980392,77.58467619999998
Bright steps pre-school,12.8994754,77.58371389999998
Bright Step,12.8996043,77.5838211
Retro Life,12.8992912,77.58569419999998
Creative Kidz,12.899016,77.587198
Maths Tuition Classes - Cuemath,12.89855,77.58846
AL- Hadi Kinder Garden,12.8982513,77.5887953
Makkah MASJID,12.8988974,77.59087199999998
Footprints: Play School & Day Care Creche,12.8990246,77.5945507
St. Peter's School,12.8989292,77.59812190000002
Bharathamatha Vidhyamandir High School For Girls Hanumanth Nagar,12.8996713,77.59746240000003
Gnanaprakasham Kannada & English Higher Primary & High School,12.8992109,77.60315949999998
Maths Tuition Classes - Cuemath,12.89857,77.60351
Ganapraksham Kannada High School,12.8995858,77.60321040000002
Abhyudaya Reaching the Socially Deprived,12.898030300000002,77.60505520000002
MG School for Excellence,12.8985915,77.60735009999998
Sahaja Yoga Ashram (555),12.898840199999999,77.60629329999998
Poornima,12.8986605,77.60737900000002
Little Legends,12.898841599999999,77.6075365
Anguram School,12.8998289,77.6066578
ANKURAM Preschool,12.8998354,77.6067205
Goverment High School,12.8998187,77.6084559
Little Legends,12.898841599999999,77.6075365
Government Higher Primary School Bilekahalli,12.8999809,77.6084656
Maths Tuition Classes - Cuemath,12.89972,77.61055999999998
Maths Tuition Classes - Cuemath,12.899816,77.609623
Dattu N Bhabhi,12.8987853,77.6126475
Presidency School,12.8997298,77.61140400000002
Maths Tuition Classes - Cuemath,12.8987853,77.6142727
Maths Tuition Classes - Cuemath,12.8986484,77.6146
Dattu N Bhabhi,12.8987853,77.6126475
Anganwadi,12.8984945,77.615089
Government Boys School,12.898516699999998,77.6150809
Nisha home kodichiknahal,12.8994532,77.6149928
Caterpie Preschool,12.8995383,77.61573969999998
Maths Tuition Classes - Cuemath,12.8986484,77.6146
NATYA SWARA ACADEMY,12.899794900000002,77.61523890000002
Little Smiles Pre School & Daycare,12.8985903,77.61792259999999
Government Lower Primary School Yarramanchanahalli,12.8983601,77.6179466
"Kids Castle Preschool, kodichikkanahalli",12.8985603,77.6178776
Little Gurukul School,12.8995513,77.61777740000002
Basis International School,12.8983601,77.6179465
Govt. Lower Primary School Bommanahalli,12.8983601,77.6179466
G HPS Kuntabommanahalli,12.8983601,77.6179466
Little Smiles Pre School & Daycare,12.8985903,77.61792259999999
Government Lower Primary School Yarramanchanahalli,12.8983601,77.6179466
Cumath Center,12.8981286,77.6190891
Kidzee,12.8994841,77.6180463
"Kids Castle Preschool, kodichikkanahalli",12.8985603,77.6178776
Govt. Lower Primary School Bommanahalli,12.8983601,77.6179466
G HPS Kuntabommanahalli,12.8983601,77.6179466
Basis International School,12.8983601,77.6179465
THE SILICON CITY HIGH SCHOOL,12.898705999999999,77.6198934
Florida English School,12.8983651,77.6200537
Hill Top Nursery School,12.8991978,77.6233073
KidsMitra,12.8998096,77.6243021
Sri Sai Public School,12.8989392,77.62407089999998
Sri Sai Public School,12.898942300000002,77.624074
The Banyan Tree Kids Pre school & Daycare,12.8995357,77.62444350000001
BANYAN TREE,12.8995109,77.6244861
Banyan tree Kids school,12.899524900000001,77.624471
Hill Top Nursery School,12.8991978,77.6233073
Natyalaya,12.8987694,77.62647829999997
Tulips Building,12.8986808,77.62657569999998
Brahmagiri Vidya Mandir,12.898168,77.6250836
Anikethan Public School,12.8998021,77.62633919999998
Natyalaya,12.8987694,77.62647829999997
Tulips Building,12.8986808,77.62657569999998
Xtream fitness,12.899499800000001,77.629359
Gurukul High School,12.898115400000002,77.6295662
Bangalore School of Business,12.899189999999999,77.63375440000002
Goverment primary school,12.8999115,77.63786429999998
Newton Newton Public School,12.8989543,77.6388185
Newton Newton Public School,12.8989543,77.6388185
Maths Tuition Classes - Cuemath,12.89891,77.6408
Thahera residency,12.8982102,77.64114740000002
Newton Public English High School,12.8990319,77.64217210000002
Senani Training Institution,12.8990602,77.64338149999998
Newton Public English High School,12.8990319,77.64217210000002
Art Of Living Yoga & Meditation Center,12.8996492,77.64416379999999
Cuemath Center for Math Excellance,12.8993775,77.6496603
Chinmaya Vidya Mandira High School,12.8996016,77.65158009999998
SVR High School,12.899322,77.6519248
Govt high school,12.8982147,77.65134609999998
GHPS Somasundarapalya,12.8981369,77.6514654
Somasundara Palya School,12.8979951,77.65138999999998
Higher Primary Kannada Government School,12.897967800000002,77.6513753
Little Elly,12.8992959,77.65495899999998
Maths Tuition Classes - Cuemath,12.89935,77.65532999999998
First Guide Kidz,12.8993681,77.65532040000002
KIDROCKZ International Play School,12.899413599999999,77.65490299999998
Vibgyor Kids Haralur,12.8987442,77.6555813
Math Tuition Classes - Cuemath,12.898403,77.655441
Vibgyor High School second building,12.8986237,77.6557189
Elements Kids,12.8996882,77.6555458
"VIBGYOR High School, Haralur",12.899109800000002,77.65722579999998
Off Syllabus,12.8985481,77.65692170000001
Maths Tuition Classes - Cuemath,12.8991,77.65722
Sahodaya School Complex Bangalore,12.899445,77.659026
Bachpan Play School,12.8998475,77.6586421
CULT,12.898634300000001,77.6582777
Narayana Olympiad School,12.8995481,77.6593652
Narayana Olympiad School,12.8977451,77.65781820000002
Narayana Olympiad School,12.8995481,77.6593652
Maths Tuition Classes - Cuemath,12.89834,77.66299000000002
Rishi Hostel,12.8996047,77.66446309999998
Little Einsteins Pre School,12.8996449,77.6651038
Wise Gurukul,12.899829,77.6650927
Elements Kids - Owners Court,12.8988224,77.67480719999998
KIDZ KAMPUS Montessori House of Children,12.899468,77.673373
Haveli,12.8996315,77.67346309999998
Kidzeekasavanahalli.com,12.8989171,77.6755304
Aerokids Kasvanahalli,12.8988906,77.67675659999998
Vital Years Kids School,12.898697,77.67539000000002
Vitalyears Montessori school,12.898747,77.6753175
Elements Kids - Owners Court,12.8988224,77.67480719999998
Aerokids Kasvanahalli,12.8988906,77.67675659999998
Kidz Kampus Montessori House of Children,12.8988747,77.6770066
ALICE KIDZ PVT LTD,12.898874699999999,77.6770066
Alice Kids,12.8988556,77.6784179
Alice Kids,12.8988556,77.6784179
Om Sai Tutorials,12.898726,77.68170300000001
